{
  "naive_effect_diff_means": 0.3058311076433373,
  "residual_effect_diff_means": 0.01616977168981329,
  "beta_intercept": -11.915437033821181,
  "beta_temp": 0.597344816236089
}